status,sumup_nom,occurrences,score,variant_id,variant_nom,variant_type,variant_prix_cts
AUTO,HEINEKEIN,2529,100.0,132,HEINEKEIN,boisson,500
AUTO,AILES DE POULET,2418,100.0,37,AILES DE POULET,plat,1000
AUTO,COTELETTE DE PORC BRAISE,1951,100.0,41,COTELETTE DE PORC BRAISE,plat,1000
AUTO,GUINESS,1551,100.0,69,GRANDE GUINESS,boisson,1000
AUTO,TOP,1446,100.0,86,TOP,boisson,700
AUTO,MAQUEREAU PM,770,100.0,51,MAQUEREAU PM,plat,1500
AUTO,CAPITAINE PM,651,100.0,53,CAPITAINE PM,plat,2000
AUTO,PETITE GUINESS,642,100.0,68,GUINESS,boisson,1200
AUTO,HERU,479,100.0,28,HERU,plat,1800
AUTO,LEFFE,461,100.0,75,GRANDE LEFFE,boisson,700
AUTO,NDOLE VIANDE,431,100.0,11,NDOLE VIANDE,plat,1500
AUTO,DESPERADOS,421,100.0,77,DESPERADOS,boisson,1000
AUTO,GRANDE GUINESS,412,100.0,69,GRANDE GUINESS,boisson,1000
AUTO,1664,405,100.0,80,1664,boisson,500
AUTO,Glenfiddich,384,100.0,97,1/2 Glenfiddich,boisson,4000
AUTO,BROCHETTES DE VIANDES,378,100.0,42,BROCHETTES DE VIANDES,plat,1000
AUTO,Vin 20€,373,100.0,118,Vin 20€,boisson,2000
AUTO,SOYA,349,100.0,44,SOYA,plat,1000
AUTO,MALTA,329,100.0,85,MALTA,boisson,500
AUTO,Coca,309,100.0,122,Coca,boisson,300
AUTO,PETIT CD,307,100.0,129,PETIT CD,boisson,500
AUTO,GRANDE LEFFE,307,100.0,75,GRANDE LEFFE,boisson,700
AUTO,Supplements 3€,298,100.0,66,Supplements 3€,plat,300
AUTO,1/2 Glenfiddich,280,100.0,97,1/2 Glenfiddich,boisson,4000
AUTO,TARO,274,100.0,31,TARO,plat,1800
AUTO,TILAPIA,241,100.0,55,TILAPIA,plat,1500
AUTO,Booster,238,100.0,127,Booster,boisson,1000
AUTO,VEUVE CLICOT,213,100.0,110,COUPE VEUVE CLICOT,boisson,1000
AUTO,Vin 25€,209,100.0,119,Vin 25€,boisson,2500
AUTO,JUS,204,100.0,123,JUS,boisson,300
AUTO,GROS CAPTAINE,204,100.0,54,GROS CAPTAINE,plat,2500
AUTO,EAU,196,100.0,124,EAU,boisson,100
AUTO,BORDEAUX,193,100.0,114,BORDEAUX,boisson,1500
AUTO,DEMI PLAT AILES,181,100.0,39,DEMI PLAT AILES,plat,500
AUTO,MAQUEREAU GROS,174,100.0,52,MAQUEREAU GROS,plat,2000
AUTO,MUTZIG,154,100.0,71,MUTZIG,boisson,600
AUTO,Isenbeck,153,100.0,83,Isenbeck,boisson,800
AUTO,NDOLE ROYAL,147,100.0,15,NDOLE ROYAL,plat,2000
AUTO,GRANDE DESPERADOS,141,100.0,77,DESPERADOS,boisson,1000
AUTO,Conso whisky,137,100.0,99,Conso whisky,boisson,500
AUTO,PETITE DESPERADOS,135,100.0,77,DESPERADOS,boisson,1000
AUTO,GOMBO VIANDE,131,100.0,7,GOMBO VIANDE,plat,1500
AUTO,CASTEL,129,100.0,73,CASTEL,boisson,600
AUTO,EAU GAZEUSE,127,100.0,124,EAU,boisson,100
AUTO,PISTACHE POISSON FRIT,116,100.0,20,PISTACHE POISSON FRIT,plat,2000
AUTO,VIN BLANC,106,100.0,113,VIN BLANC,boisson,1500
AUTO,MAFE VIANDE,106,100.0,16,MAFE VIANDE,plat,1500
AUTO,Supplements 5€,102,100.0,65,Supplements 5€,plat,500
AUTO,BOUILLON DE POISSON,94,100.0,58,BOUILLON DE POISSON,plat,2000
AUTO,AILES DE POULET RIZ,94,100.0,37,AILES DE POULET,plat,1000
AUTO,PETITE LEFFE,93,100.0,74,LEFFE,boisson,1000
AUTO,KOKI,92,100.0,29,KOKI,plat,1200
AUTO,BOUILLON QUEUE DE B,89,100.0,59,BOUILLON QUEUE DE B,plat,1500
AUTO,LEGUMES SAUTES VIANDE,84,100.0,23,LEGUMES SAUTES VIANDE,plat,1500
AUTO,33 EXPORT,74,100.0,72,33 EXPORT,boisson,600
AUTO,PORC RIZ,72,100.0,46,PORC RIZ,plat,1500
AUTO,COGNAC CONSO,70,100.0,103,COGNAC CONSO,boisson,700
AUTO,TRIPPES SAUTEES,64,100.0,45,TRIPPES SAUTEES,plat,1500
AUTO,LEGUMES SAUTES POISSON FUME,64,96.29629629629629,26,LEGUMES SAUTES POISSON FUMÉ,plat,2000
AUTO,SAUCE TOMATE VIANDE,61,100.0,35,SAUCE TOMATE VIANDE,plat,1500
AUTO,PISTACHE VIANDE,61,100.0,19,PISTACHE VIANDE,plat,1500
AUTO,COMPARI CONSO,61,100.0,106,COMPARI CONSO,boisson,500
AUTO,Vin 50€,60,100.0,121,Vin 50€,boisson,5000
AUTO,5 BROCHETTES DE VIANDES,60,100.0,42,BROCHETTES DE VIANDES,plat,1000
AUTO,NDOLE POISSON FUME,59,94.44444444444444,13,NDOLE POISSON FUMÉ,plat,1800
AUTO,LEGUMES SAUTES POISSON FRIT,59,100.0,25,LEGUMES SAUTES POISSON FRIT,plat,2000
AUTO,Ginger,59,100.0,126,Ginger,boisson,500
AUTO,NDOLE CREVETTES,55,100.0,14,NDOLE CREVETTES,plat,1800
AUTO,MAFE POISSON FRIT,55,100.0,17,MAFE POISSON FRIT,plat,2000
AUTO,MOYEN VIN,53,100.0,117,MOYEN VIN,boisson,1000
AUTO,RHUM CONSO,52,100.0,104,RHUM CONSO,boisson,500
AUTO,SOLE GROS,48,100.0,57,SOLE GROS,plat,4500
AUTO,Kadji beer,46,100.0,84,Kadji beer,boisson,600
AUTO,BALLEYS CONSO,46,100.0,100,BALLEYS,boisson,5000
AUTO,ROSE,45,100.0,115,ROSE,boisson,1500
AUTO,GOMBO POISSON FRIT,45,100.0,8,GOMBO POISSON FRIT,plat,1800
AUTO,GOMBO ROYAL,44,100.0,10,GOMBO ROYAL,plat,2000
AUTO,café,43,100.0,130,café,boisson,150
AUTO,PISTACHE POISSON FUME,41,95.23809523809524,21,PISTACHE POISSON FUMÉ,plat,1500
AUTO,SAUCE TOMATE POISSON FRIT,38,100.0,36,SAUCE TOMATE POISSON FRIT,plat,2000
AUTO,Rôti porc,38,100.0,47,Rôti porc,plat,1500
AUTO,MARTINI CONSO,36,100.0,105,MARTINI CONSO,boisson,500
AUTO,MAFE POISSON FUME,35,94.11764705882354,18,MAFE POISSON FUMÉ,plat,1800
AUTO,GOMBO POISSON FUME,35,94.44444444444444,9,GOMBO POISSON FUMÉ,plat,1800
AUTO,Redbull,30,100.0,128,Redbull,boisson,400
AUTO,BROCHETTES DE CREVETTES,30,100.0,43,BROCHETTES DE CREVETTES,plat,1000
AUTO,SOLE PM,28,100.0,56,SOLE PM,plat,2500
AUTO,Rognon sautée 15€,24,100.0,48,Rognon sautée,plat,1500
AUTO,MOET,21,100.0,108,COUPE MOET,boisson,1000
AUTO,PELFORT,19,100.0,82,GRANDE PELFORT,boisson,700
AUTO,LEGUMES SAUTES CREVETTES,18,100.0,24,LEGUMES SAUTES CREVETTES,plat,1500
AUTO,NDOLE POISSON FRIT,17,100.0,12,NDOLE POISSON FRIT,plat,2000
AUTO,MOELLEUX,17,100.0,116,MOELLEUX,boisson,1500
AUTO,CUISSES DE POULET,16,100.0,40,CUISSES DE POULET,plat,1000
AUTO,BLACK LABEL,15,100.0,94,1/2 BLACK LABEL,boisson,3000
AUTO,1/4 BLACK LABEL,15,100.0,95,1/4 BLACK LABEL,boisson,1500
AUTO,Vin 30€,14,100.0,120,Vin 30€,boisson,3000
AUTO,COUPE MOET,14,100.0,108,COUPE MOET,boisson,1000
AUTO,1/4 JACK DANIEL'S,14,100.0,89,1/4 JACK DANIEL'S,boisson,1500
AUTO,Oeuf,13,100.0,62,Oeuf,plat,50
AUTO,1/4 CHIVAS,13,100.0,92,1/4 CHIVAS,boisson,1500
AUTO,1/2 BlACK LABEL,13,93.33333333333333,94,1/2 BLACK LABEL,boisson,3000
NO_MATCH,Pelfort,12,0,,,,
AUTO,1/2 JACK DANIEL'S,12,100.0,88,1/2 JACK DANIEL'S,boisson,3000
AUTO,1/2 CHIVAS,12,100.0,91,1/2 CHIVAS,boisson,3000
AUTO,PISTACHE ROYAL,11,100.0,22,PISTACHE ROYAL,plat,2000
AUTO,JACK DANIEL,11,100.0,87,JACK DANIEL,boisson,6000
AUTO,DG,11,100.0,50,DG,plat,3000
AUTO,SALADE MAISON,10,100.0,61,SALADE MAISON,plat,1500
AUTO,LEGUMES ROYAL,10,100.0,27,LEGUMES ROYAL,plat,2000
AUTO,Suppléments 10€,9,93.33333333333333,64,Supplements 10€,plat,1000
AUTO,KONDRE,9,100.0,30,KONDRE,plat,2500
AUTO,5 BROCHETTES DE CREVETTES,9,100.0,43,BROCHETTES DE CREVETTES,plat,1000
AUTO,COUPE VEUVE CLICOT,8,100.0,110,COUPE VEUVE CLICOT,boisson,1000
NO_MATCH,Prunes 10€,7,0,,,,
AUTO,Nicola,7,100.0,112,Nicola,boisson,5000
AUTO,GRANDE PELFORT,7,100.0,82,GRANDE PELFORT,boisson,700
AUTO,CHIVAS,7,100.0,91,1/2 CHIVAS,boisson,3000
AUTO,JB,6,100.0,98,JB,boisson,5000
AUTO,VODKA,5,100.0,102,VODKA,boisson,5000
AUTO,SALADE AVOCATS,5,100.0,60,SALADE AVOCATS,plat,1800
NO_MATCH,Prunes 5€,5,0,,,,
INCERTAIN,PETIT VIN,5,76.92307692307692,129,PETIT CD,boisson,500
AUTO,MARTINI,5,100.0,105,MARTINI CONSO,boisson,500
NO_MATCH,BEAUFORT,5,0,,,,
AUTO,BALLEYS,5,100.0,100,BALLEYS,boisson,5000
AUTO,Ruinart B2B,4,100.0,111,Ruinart B2B,boisson,15000
VERIFIER,1/2 PLAT AILES,4,83.33333333333333,39,DEMI PLAT AILES,plat,500
NO_MATCH,Ndole poisson frit,3,0,,,,
AUTO,Gésier 15€,3,100.0,49,Gésier,plat,1500
VERIFIER,BROCHETTES DE GESIER,3,78.78787878787878,43,BROCHETTES DE CREVETTES,plat,1000
AUTO,SAUCE JAUNE VIANDE,2,100.0,32,SAUCE JAUNE VIANDE,plat,1500
AUTO,SAUCE JAUNE ROYAL,2,100.0,34,SAUCE JAUNE ROYAL,plat,2000
VERIFIER,SAUCE JAUNE P FUME,2,80.95238095238095,33,SAUCE JAUNE POISSON FUMÉ,plat,1800
NO_MATCH,Salade,2,0,,,,
AUTO,Rognon sautée 20€,2,100.0,48,Rognon sautée,plat,1500
NO_MATCH,Ragoût viande,2,0,,,,
NO_MATCH,MECHOUI CHEVRE,2,0,,,,
NO_MATCH,Formule champagne,2,0,,,,
AUTO,Beignet haricot viande,2,100.0,63,Beignet haricot,plat,1000
AUTO,Beignet haricot,2,100.0,63,Beignet haricot,plat,1000
AUTO,1/2 VODKA,2,100.0,102,VODKA,boisson,5000
AUTO,LEGUMES SAUTES POISSON FUME,1,96.29629629629629,26,LEGUMES SAUTES POISSON FUMÉ,plat,2000
AUTO,1/2 DG,1,100.0,50,DG,plat,3000
