method,path,category,rationale,source_file
GET,/.well-known/jwks.json,platform/system,Infra/security endpoint not tied to product workflow,app/api/jwks.py
POST,/admin/provision,admin/internal,Tenant lifecycle or cross-tenant ops endpoint,app/api/v1/endpoints/provisioning.py
POST,/admin/provision/degraded/disable,admin/internal,Tenant lifecycle or cross-tenant ops endpoint,app/api/v1/endpoints/provisioning.py
POST,/admin/provision/degraded/enable,admin/internal,Tenant lifecycle or cross-tenant ops endpoint,app/api/v1/endpoints/provisioning.py
GET,/admin/provision/degraded/status,admin/internal,Tenant lifecycle or cross-tenant ops endpoint,app/api/v1/endpoints/provisioning.py
POST,/admin/provision/{tenant_id}/activate,admin/internal,Tenant lifecycle or cross-tenant ops endpoint,app/api/v1/endpoints/provisioning.py
POST,/admin/provision/{tenant_id}/offboard,admin/internal,Tenant lifecycle or cross-tenant ops endpoint,app/api/v1/endpoints/provisioning.py
POST,/admin/provision/{tenant_id}/suspend,admin/internal,Tenant lifecycle or cross-tenant ops endpoint,app/api/v1/endpoints/provisioning.py
GET,/admin/settings,product-required,Serves at least one product/admin UX workflow (U1..U12),app/api/v1/endpoints/admin_settings.py
PATCH,/admin/settings,product-required,Serves at least one product/admin UX workflow (U1..U12),app/api/v1/endpoints/admin_settings.py
GET,/admin/tenants/{tenant_id}/sessions,admin/internal,Tenant lifecycle or cross-tenant ops endpoint,app/api/v1/endpoints/sessions.py
DELETE,/admin/tenants/{tenant_id}/sessions/{session_id},admin/internal,Tenant lifecycle or cross-tenant ops endpoint,app/api/v1/endpoints/sessions.py
DELETE,/admin/tenants/{tenant_id}/users/{user_id}/sessions,admin/internal,Tenant lifecycle or cross-tenant ops endpoint,app/api/v1/endpoints/sessions.py
GET,/admin/tenants/{tenant_id}/users/{user_id}/sessions,admin/internal,Tenant lifecycle or cross-tenant ops endpoint,app/api/v1/endpoints/sessions.py
GET,/api-keys,product-required,Serves at least one product/admin UX workflow (U1..U12),app/api/v1/endpoints/api_keys.py
POST,/api-keys,product-required,Serves at least one product/admin UX workflow (U1..U12),app/api/v1/endpoints/api_keys.py
DELETE,/api-keys/{api_key_id},product-required,Serves at least one product/admin UX workflow (U1..U12),app/api/v1/endpoints/api_keys.py
GET,/api-keys/{api_key_id},product-required,Serves at least one product/admin UX workflow (U1..U12),app/api/v1/endpoints/api_keys.py
PATCH,/api-keys/{api_key_id},product-required,Serves at least one product/admin UX workflow (U1..U12),app/api/v1/endpoints/api_keys.py
POST,/api-keys/{api_key_id}/rotate,product-required,Serves at least one product/admin UX workflow (U1..U12),app/api/v1/endpoints/api_keys.py
GET,/audit,product-required,Serves at least one product/admin UX workflow (U1..U12),app/api/v1/endpoints/audit.py
GET,/audit/entity/{entity_type}/{entity_id},product-required,Serves at least one product/admin UX workflow (U1..U12),app/api/v1/endpoints/audit.py
GET,/audit/user/{user_id},product-required,Serves at least one product/admin UX workflow (U1..U12),app/api/v1/endpoints/audit.py
POST,/auth/change-password,product-required,Serves at least one product/admin UX workflow (U1..U12),app/api/v1/endpoints/auth.py
GET,/auth/csrf,product-required,Serves at least one product/admin UX workflow (U1..U12),app/api/v1/endpoints/auth.py
POST,/auth/forgot-password,product-required,Serves at least one product/admin UX workflow (U1..U12),app/api/v1/endpoints/auth.py
POST,/auth/login,product-required,Serves at least one product/admin UX workflow (U1..U12),app/api/v1/endpoints/auth.py
POST,/auth/logout,product-required,Serves at least one product/admin UX workflow (U1..U12),app/api/v1/endpoints/auth.py
POST,/auth/logout/device/{device_id},product-required,Serves at least one product/admin UX workflow (U1..U12),app/api/v1/endpoints/auth.py
GET,/auth/me,product-required,Serves at least one product/admin UX workflow (U1..U12),app/api/v1/endpoints/auth.py
POST,/auth/refresh,product-required,Serves at least one product/admin UX workflow (U1..U12),app/api/v1/endpoints/auth.py
POST,/auth/reset-password,product-required,Serves at least one product/admin UX workflow (U1..U12),app/api/v1/endpoints/auth.py
GET,/bundles,product-required,Serves at least one product/admin UX workflow (U1..U12),app/api/v1/endpoints/bundles.py
POST,/bundles,product-required,Serves at least one product/admin UX workflow (U1..U12),app/api/v1/endpoints/bundles.py
DELETE,/bundles/{bundle_id},product-required,Serves at least one product/admin UX workflow (U1..U12),app/api/v1/endpoints/bundles.py
GET,/bundles/{bundle_id},product-required,Serves at least one product/admin UX workflow (U1..U12),app/api/v1/endpoints/bundles.py
PATCH,/bundles/{bundle_id},product-required,Serves at least one product/admin UX workflow (U1..U12),app/api/v1/endpoints/bundles.py
GET,/bundles/{bundle_id}/calculate-price,product-required,Serves at least one product/admin UX workflow (U1..U12),app/api/v1/endpoints/bundles.py
POST,/bundles/{bundle_id}/items,product-required,Serves at least one product/admin UX workflow (U1..U12),app/api/v1/endpoints/bundles.py
DELETE,/bundles/{bundle_id}/items/{item_id},product-required,Serves at least one product/admin UX workflow (U1..U12),app/api/v1/endpoints/bundles.py
PATCH,/bundles/{bundle_id}/items/{item_id},product-required,Serves at least one product/admin UX workflow (U1..U12),app/api/v1/endpoints/bundles.py
GET,/categories,product-required,Serves at least one product/admin UX workflow (U1..U12),app/api/v1/endpoints/categories.py
POST,/categories,product-required,Serves at least one product/admin UX workflow (U1..U12),app/api/v1/endpoints/categories.py
GET,/categories/tree,product-required,Serves at least one product/admin UX workflow (U1..U12),app/api/v1/endpoints/categories.py
DELETE,/categories/{category_id},product-required,Serves at least one product/admin UX workflow (U1..U12),app/api/v1/endpoints/categories.py
GET,/categories/{category_id},product-required,Serves at least one product/admin UX workflow (U1..U12),app/api/v1/endpoints/categories.py
PATCH,/categories/{category_id},product-required,Serves at least one product/admin UX workflow (U1..U12),app/api/v1/endpoints/categories.py
GET,/collections,product-required,Serves at least one product/admin UX workflow (U1..U12),app/api/v1/endpoints/collections.py
POST,/collections,product-required,Serves at least one product/admin UX workflow (U1..U12),app/api/v1/endpoints/collections.py
DELETE,/collections/{collection_id},product-required,Serves at least one product/admin UX workflow (U1..U12),app/api/v1/endpoints/collections.py
GET,/collections/{collection_id},product-required,Serves at least one product/admin UX workflow (U1..U12),app/api/v1/endpoints/collections.py
PATCH,/collections/{collection_id},product-required,Serves at least one product/admin UX workflow (U1..U12),app/api/v1/endpoints/collections.py
POST,/collections/{collection_id}/products,product-required,Serves at least one product/admin UX workflow (U1..U12),app/api/v1/endpoints/collections.py
DELETE,/collections/{collection_id}/products/{product_id},product-required,Serves at least one product/admin UX workflow (U1..U12),app/api/v1/endpoints/collections.py
GET,/customers,product-required,Serves at least one product/admin UX workflow (U1..U12),app/api/v1/endpoints/customers.py
POST,/customers,product-required,Serves at least one product/admin UX workflow (U1..U12),app/api/v1/endpoints/customers.py
POST,/customers/import,product-required,Serves at least one product/admin UX workflow (U1..U12),app/api/v1/endpoints/customers.py
GET,/customers/rfm,product-required,Serves at least one product/admin UX workflow (U1..U12),app/api/v1/endpoints/customers.py
POST,/customers/rfm/campaign,product-required,Serves at least one product/admin UX workflow (U1..U12),app/api/v1/endpoints/customers.py
DELETE,/customers/{customer_id},product-required,Serves at least one product/admin UX workflow (U1..U12),app/api/v1/endpoints/customers.py
GET,/customers/{customer_id},product-required,Serves at least one product/admin UX workflow (U1..U12),app/api/v1/endpoints/customers.py
PATCH,/customers/{customer_id},product-required,Serves at least one product/admin UX workflow (U1..U12),app/api/v1/endpoints/customers.py
GET,/customers/{customer_id}/history,product-required,Serves at least one product/admin UX workflow (U1..U12),app/api/v1/endpoints/customers.py
GET,/damage-types,product-required,Serves at least one product/admin UX workflow (U1..U12),app/api/v1/endpoints/damage_types.py
POST,/damage-types,product-required,Serves at least one product/admin UX workflow (U1..U12),app/api/v1/endpoints/damage_types.py
DELETE,/damage-types/{damage_type_id},product-required,Serves at least one product/admin UX workflow (U1..U12),app/api/v1/endpoints/damage_types.py
GET,/damage-types/{damage_type_id},product-required,Serves at least one product/admin UX workflow (U1..U12),app/api/v1/endpoints/damage_types.py
PATCH,/damage-types/{damage_type_id},product-required,Serves at least one product/admin UX workflow (U1..U12),app/api/v1/endpoints/damage_types.py
GET,/dashboard/activity,product-required,Serves at least one product/admin UX workflow (U1..U12),app/api/v1/endpoints/dashboard.py
GET,/dashboard/finances,product-required,Serves at least one product/admin UX workflow (U1..U12),app/api/v1/endpoints/dashboard.py
GET,/dashboard/finances/export,product-required,Serves at least one product/admin UX workflow (U1..U12),app/api/v1/endpoints/dashboard.py
GET,/dashboard/stats,product-required,Serves at least one product/admin UX workflow (U1..U12),app/api/v1/endpoints/dashboard.py
GET,/dashboard/today,product-required,Serves at least one product/admin UX workflow (U1..U12),app/api/v1/endpoints/dashboard.py
GET,/dashboard/urgent-alert,product-required,Serves at least one product/admin UX workflow (U1..U12),app/api/v1/endpoints/dashboard.py
GET,/delivery-zones,product-required,Serves at least one product/admin UX workflow (U1..U12),app/api/v1/endpoints/delivery_zones.py
POST,/delivery-zones,product-required,Serves at least one product/admin UX workflow (U1..U12),app/api/v1/endpoints/delivery_zones.py
DELETE,/delivery-zones/{zone_id},product-required,Serves at least one product/admin UX workflow (U1..U12),app/api/v1/endpoints/delivery_zones.py
GET,/delivery-zones/{zone_id},product-required,Serves at least one product/admin UX workflow (U1..U12),app/api/v1/endpoints/delivery_zones.py
PATCH,/delivery-zones/{zone_id},product-required,Serves at least one product/admin UX workflow (U1..U12),app/api/v1/endpoints/delivery_zones.py
GET,/devis,product-required,Serves at least one product/admin UX workflow (U1..U12),app/api/v1/endpoints/devis.py
POST,/devis,product-required,Serves at least one product/admin UX workflow (U1..U12),app/api/v1/endpoints/devis.py
GET,/devis/{devis_id},product-required,Serves at least one product/admin UX workflow (U1..U12),app/api/v1/endpoints/devis.py
PATCH,/devis/{devis_id},product-required,Serves at least one product/admin UX workflow (U1..U12),app/api/v1/endpoints/devis.py
POST,/devis/{devis_id}/accept,product-required,Serves at least one product/admin UX workflow (U1..U12),app/api/v1/endpoints/devis.py
POST,/devis/{devis_id}/cancel,product-required,Serves at least one product/admin UX workflow (U1..U12),app/api/v1/endpoints/devis.py
POST,/devis/{devis_id}/change-request,product-required,Serves at least one product/admin UX workflow (U1..U12),app/api/v1/endpoints/devis.py
PATCH,/devis/{devis_id}/change-request/{cr_id},product-required,Serves at least one product/admin UX workflow (U1..U12),app/api/v1/endpoints/devis.py
GET,/devis/{devis_id}/change-requests,product-required,Serves at least one product/admin UX workflow (U1..U12),app/api/v1/endpoints/devis.py
POST,/devis/{devis_id}/convert,product-required,Serves at least one product/admin UX workflow (U1..U12),app/api/v1/endpoints/devis.py
GET,/devis/{devis_id}/coverage,product-required,Serves at least one product/admin UX workflow (U1..U12),app/api/v1/endpoints/devis.py
GET,/devis/{devis_id}/coverage-items,product-required,Serves at least one product/admin UX workflow (U1..U12),app/api/v1/endpoints/devis.py
POST,/devis/{devis_id}/coverage-items,product-required,Serves at least one product/admin UX workflow (U1..U12),app/api/v1/endpoints/devis.py
DELETE,/devis/{devis_id}/coverage-items/{item_id},product-required,Serves at least one product/admin UX workflow (U1..U12),app/api/v1/endpoints/devis.py
PATCH,/devis/{devis_id}/coverage-items/{item_id},product-required,Serves at least one product/admin UX workflow (U1..U12),app/api/v1/endpoints/devis.py
POST,/devis/{devis_id}/duplicate,product-required,Serves at least one product/admin UX workflow (U1..U12),app/api/v1/endpoints/devis.py
GET,/devis/{devis_id}/modules,product-required,Serves at least one product/admin UX workflow (U1..U12),app/api/v1/endpoints/devis.py
POST,/devis/{devis_id}/modules,product-required,Serves at least one product/admin UX workflow (U1..U12),app/api/v1/endpoints/devis.py
DELETE,/devis/{devis_id}/modules/{module_id},product-required,Serves at least one product/admin UX workflow (U1..U12),app/api/v1/endpoints/devis.py
PATCH,/devis/{devis_id}/modules/{module_id},product-required,Serves at least one product/admin UX workflow (U1..U12),app/api/v1/endpoints/devis.py
POST,/devis/{devis_id}/negotiation,product-required,Serves at least one product/admin UX workflow (U1..U12),app/api/v1/endpoints/devis.py
POST,/devis/{devis_id}/negotiation/start,product-required,Serves at least one product/admin UX workflow (U1..U12),app/api/v1/endpoints/devis.py
GET,/devis/{devis_id}/pdf,product-required,Serves at least one product/admin UX workflow (U1..U12),app/api/v1/endpoints/devis.py
GET,/devis/{devis_id}/phases,product-required,Serves at least one product/admin UX workflow (U1..U12),app/api/v1/endpoints/devis.py
POST,/devis/{devis_id}/phases,product-required,Serves at least one product/admin UX workflow (U1..U12),app/api/v1/endpoints/devis.py
DELETE,/devis/{devis_id}/phases/{phase_id},product-required,Serves at least one product/admin UX workflow (U1..U12),app/api/v1/endpoints/devis.py
PATCH,/devis/{devis_id}/phases/{phase_id},product-required,Serves at least one product/admin UX workflow (U1..U12),app/api/v1/endpoints/devis.py
POST,/devis/{devis_id}/version-pending,product-required,Serves at least one product/admin UX workflow (U1..U12),app/api/v1/endpoints/devis.py
POST,/devis/{devis_id}/refuse,product-required,Serves at least one product/admin UX workflow (U1..U12),app/api/v1/endpoints/devis.py
POST,/devis/{devis_id}/renew,product-required,Serves at least one product/admin UX workflow (U1..U12),app/api/v1/endpoints/devis.py
POST,/devis/{devis_id}/send,product-required,Serves at least one product/admin UX workflow (U1..U12),app/api/v1/endpoints/devis.py
POST,/devis/{devis_id}/signature,product-required,Serves at least one product/admin UX workflow (U1..U12),app/api/v1/endpoints/devis.py
GET,/devis/{devis_id}/versions,product-required,Serves at least one product/admin UX workflow (U1..U12),app/api/v1/endpoints/devis.py
GET,/evenements,product-required,Serves at least one product/admin UX workflow (U1..U12),app/api/v1/endpoints/evenements.py
POST,/evenements,product-required,Serves at least one product/admin UX workflow (U1..U12),app/api/v1/endpoints/evenements.py
GET,/evenements/{event_id},product-required,Serves at least one product/admin UX workflow (U1..U12),app/api/v1/endpoints/evenements.py
PATCH,/evenements/{event_id},product-required,Serves at least one product/admin UX workflow (U1..U12),app/api/v1/endpoints/evenements.py
POST,/evenements/{event_id}/cancel,product-required,Serves at least one product/admin UX workflow (U1..U12),app/api/v1/endpoints/evenements.py
POST,/evenements/{event_id}/close,product-required,Serves at least one product/admin UX workflow (U1..U12),app/api/v1/endpoints/evenements.py
POST,/evenements/{event_id}/flag-risk,product-required,Serves at least one product/admin UX workflow (U1..U12),app/api/v1/endpoints/evenements.py
GET,/evenements/{event_id}/incidents,product-required,Serves at least one product/admin UX workflow (U1..U12),app/api/v1/endpoints/evenements.py
POST,/evenements/{event_id}/incidents,product-required,Serves at least one product/admin UX workflow (U1..U12),app/api/v1/endpoints/evenements.py
POST,/evenements/{event_id}/incidents/{incident_id}/action-plan,product-required,Serves at least one product/admin UX workflow (U1..U12),app/api/v1/endpoints/evenements.py
PATCH,/evenements/{event_id}/incidents/{incident_id}/actions/{action_id}/close,product-required,Serves at least one product/admin UX workflow (U1..U12),app/api/v1/endpoints/evenements.py
POST,/evenements/{event_id}/mark-returned,product-required,Serves at least one product/admin UX workflow (U1..U12),app/api/v1/endpoints/evenements.py
POST,/evenements/{event_id}/start,product-required,Serves at least one product/admin UX workflow (U1..U12),app/api/v1/endpoints/evenements.py
GET,/features,product-required,Serves at least one product/admin UX workflow (U1..U12),app/api/v1/endpoints/features.py
POST,/features,product-required,Serves at least one product/admin UX workflow (U1..U12),app/api/v1/endpoints/features.py
GET,/features/check/{flag_name},product-required,Serves at least one product/admin UX workflow (U1..U12),app/api/v1/endpoints/features.py
DELETE,/features/{flag_id},product-required,Serves at least one product/admin UX workflow (U1..U12),app/api/v1/endpoints/features.py
GET,/features/{flag_id},product-required,Serves at least one product/admin UX workflow (U1..U12),app/api/v1/endpoints/features.py
PATCH,/features/{flag_id},product-required,Serves at least one product/admin UX workflow (U1..U12),app/api/v1/endpoints/features.py
GET,/formulas,product-required,Serves at least one product/admin UX workflow (U1..U12),app/api/v1/endpoints/formulas.py
POST,/formulas,product-required,Serves at least one product/admin UX workflow (U1..U12),app/api/v1/endpoints/formulas.py
POST,/formulas/apply,product-required,Serves at least one product/admin UX workflow (U1..U12),app/api/v1/endpoints/formulas.py
DELETE,/formulas/{formula_id},product-required,Serves at least one product/admin UX workflow (U1..U12),app/api/v1/endpoints/formulas.py
GET,/formulas/{formula_id},product-required,Serves at least one product/admin UX workflow (U1..U12),app/api/v1/endpoints/formulas.py
PATCH,/formulas/{formula_id},product-required,Serves at least one product/admin UX workflow (U1..U12),app/api/v1/endpoints/formulas.py
GET,/health,platform/system,Infra/security endpoint not tied to product workflow,app/api/v1/endpoints/health.py
GET,/health/live,platform/system,Infra/security endpoint not tied to product workflow,app/api/v1/endpoints/health.py
GET,/health/ready,platform/system,Infra/security endpoint not tied to product workflow,app/api/v1/endpoints/health.py
GET,/health/status,platform/system,Infra/security endpoint not tied to product workflow,app/api/v1/endpoints/health.py
GET,/inventory-movements,product-required,Serves at least one product/admin UX workflow (U1..U12),app/api/v1/endpoints/inventory_movements.py
POST,/inventory-movements,product-required,Serves at least one product/admin UX workflow (U1..U12),app/api/v1/endpoints/inventory_movements.py
GET,/inventory-movements/agenda,product-required,Serves at least one product/admin UX workflow (U1..U12),app/api/v1/endpoints/inventory_movements.py
GET,/inventory-movements/late,product-required,Serves at least one product/admin UX workflow (U1..U12),app/api/v1/endpoints/inventory_movements.py
GET,/inventory-movements/pending-inspections,product-required,Serves at least one product/admin UX workflow (U1..U12),app/api/v1/endpoints/inventory_movements.py
GET,/inventory-movements/statistics,product-required,Serves at least one product/admin UX workflow (U1..U12),app/api/v1/endpoints/inventory_movements.py
GET,/inventory-movements/today,product-required,Serves at least one product/admin UX workflow (U1..U12),app/api/v1/endpoints/inventory_movements.py
DELETE,/inventory-movements/{movement_id},product-required,Serves at least one product/admin UX workflow (U1..U12),app/api/v1/endpoints/inventory_movements.py
GET,/inventory-movements/{movement_id},product-required,Serves at least one product/admin UX workflow (U1..U12),app/api/v1/endpoints/inventory_movements.py
PATCH,/inventory-movements/{movement_id},product-required,Serves at least one product/admin UX workflow (U1..U12),app/api/v1/endpoints/inventory_movements.py
PATCH,/inventory-movements/{movement_id}/complete,product-required,Serves at least one product/admin UX workflow (U1..U12),app/api/v1/endpoints/inventory_movements.py
POST,/inventory-movements/{movement_id}/items,product-required,Serves at least one product/admin UX workflow (U1..U12),app/api/v1/endpoints/inventory_movements.py
DELETE,/inventory-movements/{movement_id}/items/{item_id},product-required,Serves at least one product/admin UX workflow (U1..U12),app/api/v1/endpoints/inventory_movements.py
PATCH,/inventory-movements/{movement_id}/items/{item_id},product-required,Serves at least one product/admin UX workflow (U1..U12),app/api/v1/endpoints/inventory_movements.py
GET,/invoices,product-required,Serves at least one product/admin UX workflow (U1..U12),app/api/v1/endpoints/invoices.py
POST,/invoices,product-required,Serves at least one product/admin UX workflow (U1..U12),app/api/v1/endpoints/invoices.py
POST,/invoices/damage,product-required,Serves at least one product/admin UX workflow (U1..U12),app/api/v1/endpoints/invoices.py
GET,/invoices/overdue,product-required,Serves at least one product/admin UX workflow (U1..U12),app/api/v1/endpoints/invoices.py
GET,/invoices/payments,product-required,Serves at least one product/admin UX workflow (U1..U12),app/api/v1/endpoints/invoices.py
GET,/invoices/sequence/gaps,product-required,Serves at least one product/admin UX workflow (U1..U12),app/api/v1/endpoints/invoices.py
GET,/invoices/tva-report,product-required,Serves at least one product/admin UX workflow (U1..U12),app/api/v1/endpoints/invoices.py
GET,/invoices/{invoice_id},product-required,Serves at least one product/admin UX workflow (U1..U12),app/api/v1/endpoints/invoices.py
PATCH,/invoices/{invoice_id},product-required,Serves at least one product/admin UX workflow (U1..U12),app/api/v1/endpoints/invoices.py
POST,/invoices/{invoice_id}/add-charge,product-required,Serves at least one product/admin UX workflow (U1..U12),app/api/v1/endpoints/invoices.py
POST,/invoices/{invoice_id}/add-payment,product-required,Serves at least one product/admin UX workflow (U1..U12),app/api/v1/endpoints/invoices.py
GET,/invoices/{invoice_id}/audit,product-required,Serves at least one product/admin UX workflow (U1..U12),app/api/v1/endpoints/invoices.py
POST,/invoices/{invoice_id}/cancel,product-required,Serves at least one product/admin UX workflow (U1..U12),app/api/v1/endpoints/invoices.py
POST,/invoices/{invoice_id}/credit-note,product-required,Serves at least one product/admin UX workflow (U1..U12),app/api/v1/endpoints/invoices.py
GET,/invoices/{invoice_id}/credit-notes,product-required,Serves at least one product/admin UX workflow (U1..U12),app/api/v1/endpoints/invoices.py
POST,/invoices/{invoice_id}/credit-notes/{cn_id}/apply,product-required,Serves at least one product/admin UX workflow (U1..U12),app/api/v1/endpoints/invoices.py
POST,/invoices/{invoice_id}/credit-notes/{cn_id}/refund,product-required,Serves at least one product/admin UX workflow (U1..U12),app/api/v1/endpoints/invoices.py
GET,/invoices/{invoice_id}/full,product-required,Serves at least one product/admin UX workflow (U1..U12),app/api/v1/endpoints/invoices.py
POST,/invoices/{invoice_id}/mark-sent,product-required,Serves at least one product/admin UX workflow (U1..U12),app/api/v1/endpoints/invoices.py
GET,/invoices/{invoice_id}/payments,product-required,Serves at least one product/admin UX workflow (U1..U12),app/api/v1/endpoints/invoices.py
POST,/invoices/{invoice_id}/payments,product-required,Serves at least one product/admin UX workflow (U1..U12),app/api/v1/endpoints/invoices.py
GET,/invoices/{invoice_id}/pdf,product-required,Serves at least one product/admin UX workflow (U1..U12),app/api/v1/endpoints/invoices.py
POST,/invoices/{invoice_id}/remind,product-required,Serves at least one product/admin UX workflow (U1..U12),app/api/v1/endpoints/invoices.py
DELETE,/mfa,product-required,Serves at least one product/admin UX workflow (U1..U12),app/api/v1/endpoints/mfa.py
POST,/mfa/backup-codes/regenerate,product-required,Serves at least one product/admin UX workflow (U1..U12),app/api/v1/endpoints/mfa.py
POST,/mfa/setup,product-required,Serves at least one product/admin UX workflow (U1..U12),app/api/v1/endpoints/mfa.py
GET,/mfa/status,product-required,Serves at least one product/admin UX workflow (U1..U12),app/api/v1/endpoints/mfa.py
POST,/mfa/stepup/verify,product-required,Serves at least one product/admin UX workflow (U1..U12),app/api/v1/endpoints/mfa.py
POST,/mfa/verify,product-required,Serves at least one product/admin UX workflow (U1..U12),app/api/v1/endpoints/mfa.py
POST,/mfa/verify-setup,product-required,Serves at least one product/admin UX workflow (U1..U12),app/api/v1/endpoints/mfa.py
GET,/notifications,product-required,Serves at least one product/admin UX workflow (U1..U12),app/api/v1/endpoints/notifications.py
POST,/notifications/read-all,product-required,Serves at least one product/admin UX workflow (U1..U12),app/api/v1/endpoints/notifications.py
POST,/notifications/{notification_id}/read,product-required,Serves at least one product/admin UX workflow (U1..U12),app/api/v1/endpoints/notifications.py
GET,/oauth/providers,product-required,Serves at least one product/admin UX workflow (U1..U12),app/api/v1/endpoints/oauth.py
GET,/oauth/{provider}/authorize,product-required,Serves at least one product/admin UX workflow (U1..U12),app/api/v1/endpoints/oauth.py
POST,/oauth/{provider}/callback,product-required,Serves at least one product/admin UX workflow (U1..U12),app/api/v1/endpoints/oauth.py
POST,/operations/damage/photo,product-required,Serves at least one product/admin UX workflow (U1..U12),app/api/v1/endpoints/operations.py
GET,/operations/departure/{reservation_id},product-required,Serves at least one product/admin UX workflow (U1..U12),app/api/v1/endpoints/operations.py
POST,/operations/departure/{reservation_id},product-required,Serves at least one product/admin UX workflow (U1..U12),app/api/v1/endpoints/operations.py
POST,/operations/departure/{reservation_id}/block,product-required,Serves at least one product/admin UX workflow (U1..U12),app/api/v1/endpoints/operations.py
GET,/operations/qr/{code},product-required,Serves at least one product/admin UX workflow (U1..U12),app/api/v1/endpoints/operations.py
GET,/operations/return/{reservation_id},product-required,Serves at least one product/admin UX workflow (U1..U12),app/api/v1/endpoints/operations.py
POST,/operations/return/{reservation_id},product-required,Serves at least one product/admin UX workflow (U1..U12),app/api/v1/endpoints/operations.py
POST,/operations/return/{reservation_id}/damage,product-required,Serves at least one product/admin UX workflow (U1..U12),app/api/v1/endpoints/operations.py
GET,/orders,product-required,Serves at least one product/admin UX workflow (U1..U12),app/api/v1/endpoints/orders.py
GET,/orders/{order_type}/{order_id},product-required,Serves at least one product/admin UX workflow (U1..U12),app/api/v1/endpoints/orders.py
POST,/planning/assign,product-required,Serves at least one product/admin UX workflow (U1..U12),app/api/v1/endpoints/planning.py
GET,/planning/day,product-required,Serves at least one product/admin UX workflow (U1..U12),app/api/v1/endpoints/planning.py
GET,/planning/month,product-required,Serves at least one product/admin UX workflow (U1..U12),app/api/v1/endpoints/planning.py
GET,/planning/resources,product-required,Serves at least one product/admin UX workflow (U1..U12),app/api/v1/endpoints/planning.py
GET,/planning/today,product-required,Serves at least one product/admin UX workflow (U1..U12),app/api/v1/endpoints/planning.py
GET,/planning/week,product-required,Serves at least one product/admin UX workflow (U1..U12),app/api/v1/endpoints/planning.py
GET,/pricing/rules,product-required,Serves at least one product/admin UX workflow (U1..U12),app/api/v1/endpoints/pricing.py
POST,/pricing/rules,product-required,Serves at least one product/admin UX workflow (U1..U12),app/api/v1/endpoints/pricing.py
GET,/pricing/rules/product/{product_id},product-required,Serves at least one product/admin UX workflow (U1..U12),app/api/v1/endpoints/pricing.py
DELETE,/pricing/rules/{rule_id},product-required,Serves at least one product/admin UX workflow (U1..U12),app/api/v1/endpoints/pricing.py
GET,/pricing/rules/{rule_id},product-required,Serves at least one product/admin UX workflow (U1..U12),app/api/v1/endpoints/pricing.py
PATCH,/pricing/rules/{rule_id},product-required,Serves at least one product/admin UX workflow (U1..U12),app/api/v1/endpoints/pricing.py
POST,/pricing/simulate,product-required,Serves at least one product/admin UX workflow (U1..U12),app/api/v1/endpoints/pricing.py
GET,/products,product-required,Serves at least one product/admin UX workflow (U1..U12),app/api/v1/endpoints/products.py
POST,/products,product-required,Serves at least one product/admin UX workflow (U1..U12),app/api/v1/endpoints/products.py
POST,/products/import,product-required,Serves at least one product/admin UX workflow (U1..U12),app/api/v1/endpoints/products.py
GET,/products/low-stock,product-required,Serves at least one product/admin UX workflow (U1..U12),app/api/v1/endpoints/products.py
DELETE,/products/{product_id},product-required,Serves at least one product/admin UX workflow (U1..U12),app/api/v1/endpoints/products.py
GET,/products/{product_id},product-required,Serves at least one product/admin UX workflow (U1..U12),app/api/v1/endpoints/products.py
PATCH,/products/{product_id},product-required,Serves at least one product/admin UX workflow (U1..U12),app/api/v1/endpoints/products.py
GET,/products/{product_id}/audit,product-required,Serves at least one product/admin UX workflow (U1..U12),app/api/v1/endpoints/products.py
GET,/products/{product_id}/availability,product-required,Serves at least one product/admin UX workflow (U1..U12),app/api/v1/endpoints/products.py
POST,/products/{product_id}/image,product-required,Serves at least one product/admin UX workflow (U1..U12),app/api/v1/endpoints/products.py
GET,/products/{product_id}/images,product-required,Serves at least one product/admin UX workflow (U1..U12),app/api/v1/endpoints/products.py
POST,/products/{product_id}/images,product-required,Serves at least one product/admin UX workflow (U1..U12),app/api/v1/endpoints/products.py
DELETE,/products/{product_id}/images/{image_id},product-required,Serves at least one product/admin UX workflow (U1..U12),app/api/v1/endpoints/products.py
PATCH,/products/{product_id}/images/{image_id}/set-primary,product-required,Serves at least one product/admin UX workflow (U1..U12),app/api/v1/endpoints/products.py
GET,/products/{product_id}/maintenances,product-required,Serves at least one product/admin UX workflow (U1..U12),app/api/v1/endpoints/products.py
POST,/products/{product_id}/maintenances,product-required,Serves at least one product/admin UX workflow (U1..U12),app/api/v1/endpoints/products.py
DELETE,/products/{product_id}/maintenances/{maintenance_id},product-required,Serves at least one product/admin UX workflow (U1..U12),app/api/v1/endpoints/products.py
PATCH,/products/{product_id}/maintenances/{maintenance_id},product-required,Serves at least one product/admin UX workflow (U1..U12),app/api/v1/endpoints/products.py
GET,/products/{product_id}/stock,product-required,Serves at least one product/admin UX workflow (U1..U12),app/api/v1/endpoints/products.py
PATCH,/products/{product_id}/stock-items/{item_id},product-required,Serves at least one product/admin UX workflow (U1..U12),app/api/v1/endpoints/products.py
GET,/products/{product_id}/stock-items/{item_id}/history,product-required,Serves at least one product/admin UX workflow (U1..U12),app/api/v1/endpoints/products.py
GET,/products/{product_id}/variants,product-required,Serves at least one product/admin UX workflow (U1..U12),app/api/v1/endpoints/product_variants.py
POST,/products/{product_id}/variants,product-required,Serves at least one product/admin UX workflow (U1..U12),app/api/v1/endpoints/product_variants.py
DELETE,/products/{product_id}/variants/{variant_id},product-required,Serves at least one product/admin UX workflow (U1..U12),app/api/v1/endpoints/product_variants.py
GET,/products/{product_id}/variants/{variant_id},product-required,Serves at least one product/admin UX workflow (U1..U12),app/api/v1/endpoints/product_variants.py
PATCH,/products/{product_id}/variants/{variant_id},product-required,Serves at least one product/admin UX workflow (U1..U12),app/api/v1/endpoints/product_variants.py
GET,/relances,product-required,Serves at least one product/admin UX workflow (U1..U12),app/api/v1/endpoints/relances.py
POST,/relances/cancel/{relance_id},product-required,Serves at least one product/admin UX workflow (U1..U12),app/api/v1/endpoints/relances.py
POST,/relances/mark-sent/{relance_id},product-required,Serves at least one product/admin UX workflow (U1..U12),app/api/v1/endpoints/relances.py
POST,/relances/schedule,product-required,Serves at least one product/admin UX workflow (U1..U12),app/api/v1/endpoints/relances.py
GET,/reservations,product-required,Serves at least one product/admin UX workflow (U1..U12),app/api/v1/endpoints/reservations.py
POST,/reservations,product-required,Serves at least one product/admin UX workflow (U1..U12),app/api/v1/endpoints/reservations.py
GET,/reservations/{reservation_id},product-required,Serves at least one product/admin UX workflow (U1..U12),app/api/v1/endpoints/reservations.py
PATCH,/reservations/{reservation_id},product-required,Serves at least one product/admin UX workflow (U1..U12),app/api/v1/endpoints/reservations.py
PATCH,/reservations/{reservation_id}/assign,product-required,Serves at least one product/admin UX workflow (U1..U12),app/api/v1/endpoints/reservations.py
POST,/reservations/{reservation_id}/cancel,product-required,Serves at least one product/admin UX workflow (U1..U12),app/api/v1/endpoints/reservations.py
POST,/reservations/{reservation_id}/close-dispute,product-required,Serves at least one product/admin UX workflow (U1..U12),app/api/v1/endpoints/reservations.py
POST,/reservations/{reservation_id}/complete,product-required,Serves at least one product/admin UX workflow (U1..U12),app/api/v1/endpoints/reservations.py
POST,/reservations/{reservation_id}/confirm,product-required,Serves at least one product/admin UX workflow (U1..U12),app/api/v1/endpoints/reservations.py
POST,/reservations/{reservation_id}/deliver,product-required,Serves at least one product/admin UX workflow (U1..U12),app/api/v1/endpoints/reservations.py
GET,/reservations/{reservation_id}/deposits,product-required,Serves at least one product/admin UX workflow (U1..U12),app/api/v1/endpoints/reservations.py
POST,/reservations/{reservation_id}/deposits,product-required,Serves at least one product/admin UX workflow (U1..U12),app/api/v1/endpoints/reservations.py
PATCH,/reservations/{reservation_id}/deposits/{deposit_id},product-required,Serves at least one product/admin UX workflow (U1..U12),app/api/v1/endpoints/reservations.py
POST,/reservations/{reservation_id}/extend,product-required,Serves at least one product/admin UX workflow (U1..U12),app/api/v1/endpoints/reservations.py
GET,/reservations/{reservation_id}/full,product-required,Serves at least one product/admin UX workflow (U1..U12),app/api/v1/endpoints/reservations.py
POST,/reservations/{reservation_id}/lines,product-required,Serves at least one product/admin UX workflow (U1..U12),app/api/v1/endpoints/reservations.py
DELETE,/reservations/{reservation_id}/lines/{line_id},product-required,Serves at least one product/admin UX workflow (U1..U12),app/api/v1/endpoints/reservations.py
GET,/reservations/{reservation_id}/pre-check,product-required,Serves at least one product/admin UX workflow (U1..U12),app/api/v1/endpoints/reservations.py
POST,/reservations/{reservation_id}/pre-check,product-required,Serves at least one product/admin UX workflow (U1..U12),app/api/v1/endpoints/reservations.py
POST,/reservations/{reservation_id}/pre-check/complete,product-required,Serves at least one product/admin UX workflow (U1..U12),app/api/v1/endpoints/reservations.py
PATCH,/reservations/{reservation_id}/pre-check/{item_id},product-required,Serves at least one product/admin UX workflow (U1..U12),app/api/v1/endpoints/reservations.py
POST,/reservations/{reservation_id}/remind-deposit,product-required,Serves at least one product/admin UX workflow (U1..U12),app/api/v1/endpoints/reservations.py
GET,/reservations/{reservation_id}/risks,product-required,Serves at least one product/admin UX workflow (U1..U12),app/api/v1/endpoints/reservations.py
POST,/reservations/{reservation_id}/risks,product-required,Serves at least one product/admin UX workflow (U1..U12),app/api/v1/endpoints/reservations.py
DELETE,/reservations/{reservation_id}/risks/{risk_id},product-required,Serves at least one product/admin UX workflow (U1..U12),app/api/v1/endpoints/reservations.py
PATCH,/reservations/{reservation_id}/risks/{risk_id},product-required,Serves at least one product/admin UX workflow (U1..U12),app/api/v1/endpoints/reservations.py
POST,/reservations/{reservation_id}/signature,product-required,Serves at least one product/admin UX workflow (U1..U12),app/api/v1/endpoints/reservations.py
GET,/search,product-required,Serves at least one product/admin UX workflow (U1..U12),app/api/v1/endpoints/search.py
DELETE,/sessions,product-required,Serves at least one product/admin UX workflow (U1..U12),app/api/v1/endpoints/sessions.py
GET,/sessions,product-required,Serves at least one product/admin UX workflow (U1..U12),app/api/v1/endpoints/sessions.py
DELETE,/sessions/{session_id},product-required,Serves at least one product/admin UX workflow (U1..U12),app/api/v1/endpoints/sessions.py
GET,/stock/adjustments,product-required,Serves at least one product/admin UX workflow (U1..U12),app/api/v1/endpoints/stock_management.py
POST,/stock/adjustments,product-required,Serves at least one product/admin UX workflow (U1..U12),app/api/v1/endpoints/stock_management.py
GET,/stock/coverage,product-required,Serves at least one product/admin UX workflow (U1..U12),app/api/v1/endpoints/stock_management.py
POST,/stock/inventaire,product-required,Serves at least one product/admin UX workflow (U1..U12),app/api/v1/endpoints/stock_management.py
GET,/stock/inventaire/{session_id},product-required,Serves at least one product/admin UX workflow (U1..U12),app/api/v1/endpoints/stock_management.py
PATCH,/stock/inventaire/{session_id},product-required,Serves at least one product/admin UX workflow (U1..U12),app/api/v1/endpoints/stock_management.py
POST,/stock/inventaire/{session_id}/complete,product-required,Serves at least one product/admin UX workflow (U1..U12),app/api/v1/endpoints/stock_management.py
GET,/stock/levels,product-required,Serves at least one product/admin UX workflow (U1..U12),app/api/v1/endpoints/stock_management.py
GET,/stock/reorder,product-required,Serves at least one product/admin UX workflow (U1..U12),app/api/v1/endpoints/stock_management.py
POST,/stock/reorder,product-required,Serves at least one product/admin UX workflow (U1..U12),app/api/v1/endpoints/stock_management.py
GET,/supplier-orders,product-required,Serves at least one product/admin UX workflow (U1..U12),app/api/v1/endpoints/supplier_orders.py
POST,/supplier-orders,product-required,Serves at least one product/admin UX workflow (U1..U12),app/api/v1/endpoints/supplier_orders.py
DELETE,/supplier-orders/{order_id},product-required,Serves at least one product/admin UX workflow (U1..U12),app/api/v1/endpoints/supplier_orders.py
GET,/supplier-orders/{order_id},product-required,Serves at least one product/admin UX workflow (U1..U12),app/api/v1/endpoints/supplier_orders.py
PATCH,/supplier-orders/{order_id},product-required,Serves at least one product/admin UX workflow (U1..U12),app/api/v1/endpoints/supplier_orders.py
POST,/supplier-orders/{order_id}/cancel,product-required,Serves at least one product/admin UX workflow (U1..U12),app/api/v1/endpoints/supplier_orders.py
POST,/supplier-orders/{order_id}/confirm,product-required,Serves at least one product/admin UX workflow (U1..U12),app/api/v1/endpoints/supplier_orders.py
POST,/supplier-orders/{order_id}/receive,product-required,Serves at least one product/admin UX workflow (U1..U12),app/api/v1/endpoints/supplier_orders.py
GET,/suppliers,product-required,Serves at least one product/admin UX workflow (U1..U12),app/api/v1/endpoints/suppliers.py
POST,/suppliers,product-required,Serves at least one product/admin UX workflow (U1..U12),app/api/v1/endpoints/suppliers.py
DELETE,/suppliers/{supplier_id},product-required,Serves at least one product/admin UX workflow (U1..U12),app/api/v1/endpoints/suppliers.py
GET,/suppliers/{supplier_id},product-required,Serves at least one product/admin UX workflow (U1..U12),app/api/v1/endpoints/suppliers.py
PATCH,/suppliers/{supplier_id},product-required,Serves at least one product/admin UX workflow (U1..U12),app/api/v1/endpoints/suppliers.py
GET,/users,product-required,Serves at least one product/admin UX workflow (U1..U12),app/api/v1/endpoints/users.py
POST,/users,product-required,Serves at least one product/admin UX workflow (U1..U12),app/api/v1/endpoints/users.py
POST,/users/invite,product-required,Serves at least one product/admin UX workflow (U1..U12),app/api/v1/endpoints/users.py
GET,/users/me,product-required,Serves at least one product/admin UX workflow (U1..U12),app/api/v1/endpoints/users.py
PATCH,/users/me,product-required,Serves at least one product/admin UX workflow (U1..U12),app/api/v1/endpoints/users.py
DELETE,/users/{user_id},product-required,Serves at least one product/admin UX workflow (U1..U12),app/api/v1/endpoints/users.py
GET,/users/{user_id},product-required,Serves at least one product/admin UX workflow (U1..U12),app/api/v1/endpoints/users.py
PATCH,/users/{user_id},product-required,Serves at least one product/admin UX workflow (U1..U12),app/api/v1/endpoints/users.py
POST,/users/{user_id}/unlock,product-required,Serves at least one product/admin UX workflow (U1..U12),app/api/v1/endpoints/users.py
GET,/ventes,product-required,Serves at least one product/admin UX workflow (U1..U12),app/api/v1/endpoints/ventes.py
POST,/ventes,product-required,Serves at least one product/admin UX workflow (U1..U12),app/api/v1/endpoints/ventes.py
GET,/ventes/overdue,product-required,Serves at least one product/admin UX workflow (U1..U12),app/api/v1/endpoints/ventes.py
GET,/ventes/{vente_id},product-required,Serves at least one product/admin UX workflow (U1..U12),app/api/v1/endpoints/ventes.py
PATCH,/ventes/{vente_id},product-required,Serves at least one product/admin UX workflow (U1..U12),app/api/v1/endpoints/ventes.py
POST,/ventes/{vente_id}/cancel,product-required,Serves at least one product/admin UX workflow (U1..U12),app/api/v1/endpoints/ventes.py
GET,/ventes/{vente_id}/payments,product-required,Serves at least one product/admin UX workflow (U1..U12),app/api/v1/endpoints/ventes.py
POST,/ventes/{vente_id}/payments,product-required,Serves at least one product/admin UX workflow (U1..U12),app/api/v1/endpoints/ventes.py
GET,/ventes/{vente_id}/pdf,product-required,Serves at least one product/admin UX workflow (U1..U12),app/api/v1/endpoints/ventes.py
POST,/ventes/{vente_id}/refund,product-required,Serves at least one product/admin UX workflow (U1..U12),app/api/v1/endpoints/ventes.py
GET,/vpn/ip-pools,product-required,Serves at least one product/admin UX workflow (U1..U12),app/api/v1/endpoints/vpn.py
POST,/vpn/ip-pools,product-required,Serves at least one product/admin UX workflow (U1..U12),app/api/v1/endpoints/vpn.py
GET,/vpn/peers,product-required,Serves at least one product/admin UX workflow (U1..U12),app/api/v1/endpoints/vpn.py
POST,/vpn/peers,product-required,Serves at least one product/admin UX workflow (U1..U12),app/api/v1/endpoints/vpn.py
DELETE,/vpn/peers/{peer_id},product-required,Serves at least one product/admin UX workflow (U1..U12),app/api/v1/endpoints/vpn.py
GET,/vpn/peers/{peer_id},product-required,Serves at least one product/admin UX workflow (U1..U12),app/api/v1/endpoints/vpn.py
PATCH,/vpn/peers/{peer_id},product-required,Serves at least one product/admin UX workflow (U1..U12),app/api/v1/endpoints/vpn.py
GET,/vpn/peers/{peer_id}/config,product-required,Serves at least one product/admin UX workflow (U1..U12),app/api/v1/endpoints/vpn.py
POST,/vpn/peers/{peer_id}/disable,product-required,Serves at least one product/admin UX workflow (U1..U12),app/api/v1/endpoints/vpn.py
POST,/vpn/peers/{peer_id}/enable,product-required,Serves at least one product/admin UX workflow (U1..U12),app/api/v1/endpoints/vpn.py
GET,/vpn/peers/{peer_id}/qrcode,product-required,Serves at least one product/admin UX workflow (U1..U12),app/api/v1/endpoints/vpn.py
POST,/vpn/peers/{peer_id}/rotate,product-required,Serves at least one product/admin UX workflow (U1..U12),app/api/v1/endpoints/vpn.py
GET,/vpn/status,product-required,Serves at least one product/admin UX workflow (U1..U12),app/api/v1/endpoints/vpn.py
